id,first_name,last_name,email,gender,ip_address,target
1,Archibaldo,Polding,apolding0@etsy.com,Male,173.70.145.65,false
2,Clarita,Hanratty,chanratty1@weibo.com,Female,147.94.78.254,true
3,Haleigh,Lydiate,hlydiate2@addtoany.com,Male,50.240.146.12,false
4,Otis,Deaville,odeaville3@de.vu,Male,59.57.102.239,false
5,Gael,Gorringe,ggorringe4@nymag.com,Female,151.126.142.187,true
6,Darrin,List,dlist5@cbc.ca,Male,250.238.106.63,false
7,Justinian,Grugerr,jgrugerr6@twitter.com,Male,83.9.121.246,false
8,Teador,Grieg,tgrieg7@ebay.co.uk,Male,191.26.84.80,false
9,Jarret,Robel,jrobel8@nbcnews.com,Male,26.254.28.210,true
10,Elsy,Locard,elocard9@usnews.com,Female,31.218.164.157,false
11,Verena,Dikes,vdikesa@hugedomains.com,Female,160.16.209.250,false
12,Cecilius,Hunnisett,chunnisettb@ustream.tv,Male,111.45.7.28,false
13,Andrea,Beckitt,abeckittc@usgs.gov,Male,145.23.168.232,true
14,Marta,Gleder,mglederd@gravatar.com,Female,12.199.40.47,false
15,Morgun,Lindenstrauss,mlindenstrausse@fotki.com,Male,171.194.54.186,false
16,Fey,Melsome,fmelsomef@imdb.com,Female,13.254.113.19,true
17,Casi,Kleinstein,ckleinsteing@mediafire.com,Female,95.126.189.102,false
18,Auberon,Schoolcroft,aschoolcrofth@woothemes.com,Male,128.85.76.182,false
19,Fraze,Lamy,flamyi@rediff.com,Male,229.225.16.1,true
20,Raddie,Veighey,rveigheyj@ucoz.com,Male,155.39.203.202,true
21,Stormi,Cristol,scristolk@1und1.de,Female,79.9.7.111,true
22,Florida,Inger,fingerl@bloglovin.com,Female,54.203.248.182,false
23,Bea,Rosel,broselm@github.com,Female,112.0.25.25,true
24,Bertrando,Birchwood,bbirchwoodn@jigsy.com,Male,184.178.228.165,false
25,Francois,McCallister,fmccallistero@acquirethisname.com,Male,86.70.103.170,false
26,Zita,Berry,zberryp@sfgate.com,Female,226.40.40.255,false
27,Bernhard,Toft,btoftq@mashable.com,Male,195.118.244.210,false
28,Jordanna,Dudney,jdudneyr@seesaa.net,Female,154.82.96.226,true
29,Leola,Cypler,lcyplers@google.de,Female,175.8.100.176,true
30,Raynor,O'Hoey,rohoeyt@bluehost.com,Male,236.196.224.100,true
31,Ardelia,Simoneau,asimoneauu@cnn.com,Female,92.236.1.133,true
32,Lilllie,Stockport,lstockportv@bloglines.com,Female,241.38.165.61,true
33,Claribel,Rumble,crumblew@guardian.co.uk,Female,163.119.115.33,false
34,Hiram,Bosward,hboswardx@thetimes.co.uk,Male,103.149.209.10,false
35,Elmer,Schinetti,eschinettiy@google.com.hk,Male,101.59.188.240,true
36,Lazar,Feacham,lfeachamz@samsung.com,Male,136.164.186.124,false
37,Dyanne,Woolfoot,dwoolfoot10@canalblog.com,Female,120.75.16.197,true
38,Meagan,Holleworth,mholleworth11@dedecms.com,Female,14.236.49.5,true
39,Twyla,Kunat,tkunat12@wordpress.org,Female,222.17.230.33,false
40,Andy,Bonefant,abonefant13@spiegel.de,Male,27.25.176.37,true
41,Gerda,Wiskar,gwiskar14@youku.com,Female,187.31.102.187,false
42,Nanete,Dupree,ndupree15@trellian.com,Female,173.97.58.223,false
43,Eachelle,Attride,eattride16@mediafire.com,Female,76.60.99.241,false
44,Fraze,Randleson,frandleson17@sun.com,Male,72.120.135.80,false
45,Astra,Manlow,amanlow18@senate.gov,Female,28.117.121.71,false
46,Guilbert,Boulds,gboulds19@slideshare.net,Male,12.78.177.136,false
47,Brod,Spurrier,bspurrier1a@google.fr,Male,5.192.43.188,false
48,Correy,Verrillo,cverrillo1b@nifty.com,Male,88.108.181.142,true
49,Carissa,Hardisty,chardisty1c@howstuffworks.com,Female,132.197.62.212,false
50,Gilberta,Chennells,gchennells1d@gov.uk,Female,169.181.214.134,true
51,Arte,Biernacki,abiernacki1e@live.com,Male,115.4.167.7,true
52,Abbe,De Beauchamp,adebeauchamp1f@csmonitor.com,Female,178.70.55.207,false
53,Kendall,Mansford,kmansford1g@csmonitor.com,Male,85.52.110.61,true
54,Teddie,Featonby,tfeatonby1h@hhs.gov,Male,118.250.236.90,false
55,Ariadne,Dumbar,adumbar1i@github.com,Female,244.19.202.255,false
56,Jorry,Whitington,jwhitington1j@narod.ru,Female,108.133.212.178,false
57,Deerdre,Splevings,dsplevings1k@sitemeter.com,Female,14.219.63.157,false
58,Marleen,Byrd,mbyrd1l@oaic.gov.au,Female,33.89.201.229,false
59,Heather,Edgeler,hedgeler1m@china.com.cn,Female,188.51.154.43,false
60,Aggie,Buckle,abuckle1n@dailymotion.com,Female,109.119.95.64,false
61,Rebecka,MacShirrie,rmacshirrie1o@github.io,Female,171.220.79.40,false
62,Griffith,Cliffe,gcliffe1p@independent.co.uk,Male,143.209.153.185,false
63,Roderigo,Frift,rfrift1q@soundcloud.com,Male,105.199.242.255,false
64,Courtenay,Scola,cscola1r@typepad.com,Female,136.67.130.41,false
65,Roxi,Summerscales,rsummerscales1s@gnu.org,Female,182.230.30.69,true
66,Tersina,Campany,tcampany1t@tamu.edu,Female,88.4.12.74,true
67,Tad,Roset,troset1u@sina.com.cn,Male,89.223.246.130,false
68,Allan,Milhench,amilhench1v@spotify.com,Male,228.118.112.42,true
69,Victoria,Manchester,vmanchester1w@cargocollective.com,Female,135.130.69.90,true
70,Jermaine,Durrett,jdurrett1x@google.co.uk,Female,128.123.212.76,true
71,Randene,Pickaver,rpickaver1y@wisc.edu,Female,183.76.5.164,true
72,Rosalind,Jerdon,rjerdon1z@ovh.net,Female,178.206.63.33,true
73,Lora,Walenta,lwalenta20@blog.com,Female,82.207.77.169,true
74,Del,Durnell,ddurnell21@toplist.cz,Female,22.210.153.15,false
75,Bamby,Robjohns,brobjohns22@rambler.ru,Female,164.129.13.243,false
76,Ardisj,Danilov,adanilov23@boston.com,Female,43.217.216.218,false
77,Clo,Breitling,cbreitling24@foxnews.com,Female,119.186.164.28,false
78,Rita,Van Salzberger,rvansalzberger25@blogs.com,Female,236.174.249.6,true
79,Ram,Davoren,rdavoren26@wikia.com,Male,106.183.128.85,true
80,Irma,Byrkmyr,ibyrkmyr27@narod.ru,Female,253.149.100.13,false
81,Christabel,Rideout,crideout28@wikia.com,Female,22.7.135.113,false
82,Prudence,Swiffan,pswiffan29@de.vu,Female,230.138.103.244,true
83,Teddy,Woakes,twoakes2a@creativecommons.org,Male,70.167.52.248,false
84,Melli,Hartness,mhartness2b@yolasite.com,Female,197.56.17.241,false
85,Ninetta,Izatson,nizatson2c@un.org,Female,254.116.44.1,true
86,Rosmunda,Brumbye,rbrumbye2d@barnesandnoble.com,Female,87.234.18.230,false
87,Oran,Dunbabin,odunbabin2e@chicagotribune.com,Male,136.157.164.224,true
88,Mateo,Greser,mgreser2f@etsy.com,Male,124.186.26.43,true
89,Vonny,Farraway,vfarraway2g@ucoz.com,Female,127.245.189.118,true
90,Shellysheldon,Jorry,sjorry2h@tinyurl.com,Male,95.164.25.46,true
91,Herculie,Colebrook,hcolebrook2i@omniture.com,Male,110.105.239.172,false
92,Idelle,Nan Carrow,inancarrow2j@printfriendly.com,Female,132.52.4.228,false
93,Erhard,Godar,egodar2k@addthis.com,Male,108.115.84.11,false
94,Bronnie,Gentreau,bgentreau2l@flavors.me,Male,67.153.208.80,true
95,Salim,Paxton,spaxton2m@fema.gov,Male,253.60.62.169,true
96,Lin,Guice,lguice2n@issuu.com,Female,85.228.174.146,true
97,Tedmund,Lichtfoth,tlichtfoth2o@tinyurl.com,Male,18.216.105.129,false
98,Larine,McSorley,lmcsorley2p@smh.com.au,Female,125.49.224.229,false
99,Tiff,Collaton,tcollaton2q@bing.com,Female,122.246.142.58,true
100,Kimberlee,Gabriel,kgabriel2r@wordpress.org,Female,13.255.45.102,true
101,Charissa,Wiggett,cwiggett2s@bloglines.com,Female,184.213.163.248,false
102,Cecilla,Braznell,cbraznell2t@godaddy.com,Female,7.53.37.42,false
103,Janelle,Rivard,jrivard2u@liveinternet.ru,Female,250.229.60.107,true
104,Linnea,Illsley,lillsley2v@latimes.com,Female,106.24.20.108,true
105,Sarine,Blenkhorn,sblenkhorn2w@imgur.com,Female,76.114.211.242,false
106,Rois,Labrenz,rlabrenz2x@skype.com,Female,216.181.159.94,true
107,Sukey,Sollam,ssollam2y@ox.ac.uk,Female,127.145.215.73,true
108,Charlotte,Craw,ccraw2z@pagesperso-orange.fr,Female,16.255.238.244,true
109,Bentlee,Minister,bminister30@amazon.de,Male,176.118.253.152,true
110,Malissia,Alvares,malvares31@europa.eu,Female,14.4.13.28,true
111,Hector,Saladine,hsaladine32@harvard.edu,Male,40.164.109.203,false
112,Marijn,Ricardot,mricardot33@technorati.com,Male,29.18.79.166,false
113,Fredric,Bewshaw,fbewshaw34@china.com.cn,Male,87.146.110.125,true
114,Lamar,Tesche,ltesche35@google.com.br,Male,159.120.187.6,true
115,Olivero,Ibanez,oibanez36@spiegel.de,Male,208.81.225.75,false
116,Ezekiel,Elvin,eelvin37@uiuc.edu,Male,91.168.228.135,true
117,Matthias,Clarabut,mclarabut38@wired.com,Male,10.33.106.95,true
118,Thedrick,Droogan,tdroogan39@indiegogo.com,Male,54.221.100.230,false
119,Wilona,Brownscombe,wbrownscombe3a@aboutads.info,Female,230.194.176.233,false
120,Jamie,Mollatt,jmollatt3b@slashdot.org,Male,96.74.245.47,false
121,Wilbur,Campbell,wcampbell3c@mail.ru,Male,191.91.95.234,true
122,Lucien,Iacomi,liacomi3d@who.int,Male,254.156.119.195,true
123,Mavis,Kynsey,mkynsey3e@yale.edu,Female,227.182.209.179,true
124,Cale,Chimienti,cchimienti3f@infoseek.co.jp,Male,174.84.235.94,false
125,Gare,Stilgoe,gstilgoe3g@ebay.com,Male,213.121.147.88,true
126,Ken,Cannell,kcannell3h@amazon.co.uk,Male,30.7.36.47,false
127,Edgardo,Pendell,ependell3i@slideshare.net,Male,189.216.231.205,true
128,Dynah,Lunt,dlunt3j@goo.ne.jp,Female,37.39.150.166,true
129,Izaak,Faas,ifaas3k@jigsy.com,Male,1.191.239.3,true
130,Clint,Crone,ccrone3l@disqus.com,Male,75.207.75.6,false
131,Jehanna,McCumesky,jmccumesky3m@biblegateway.com,Female,219.22.75.18,true
132,Mellisent,Poston,mposton3n@dailymotion.com,Female,219.88.124.41,true
133,Marshal,Kepe,mkepe3o@mozilla.org,Male,197.53.153.230,true
134,Nancey,Moutray Read,nmoutrayread3p@technorati.com,Female,173.240.187.135,false
135,Bertina,Adger,badger3q@comsenz.com,Female,117.106.30.163,true
136,Laurel,Carriage,lcarriage3r@admin.ch,Female,197.179.188.134,true
137,Rey,Birtwisle,rbirtwisle3s@e-recht24.de,Male,202.41.147.74,true
138,Lucho,Doxsey,ldoxsey3t@usda.gov,Male,73.191.252.100,false
139,Niles,Rhyme,nrhyme3u@mac.com,Male,109.185.53.137,true
140,Katerine,Guidone,kguidone3v@baidu.com,Female,8.0.143.228,true
141,Elsa,Bartaloni,ebartaloni3w@epa.gov,Female,97.68.98.101,false
142,Lois,Chugg,lchugg3x@dot.gov,Female,91.58.186.10,false
143,Laryssa,Whetton,lwhetton3y@tripadvisor.com,Female,57.113.174.141,true
144,Stephen,Simonitto,ssimonitto3z@hibu.com,Male,225.240.138.80,false
145,Arthur,Coomes,acoomes40@ucsd.edu,Male,63.34.191.179,false
146,Genvieve,Beevors,gbeevors41@odnoklassniki.ru,Female,250.12.111.106,true
147,Lurline,Drinkale,ldrinkale42@1688.com,Female,96.55.207.193,true
148,Maryjo,Creddon,mcreddon43@surveymonkey.com,Female,237.159.62.177,true
149,Myrtie,Felkin,mfelkin44@etsy.com,Female,68.182.249.106,true
150,Chelsae,Vint,cvint45@nbcnews.com,Female,174.84.100.236,false
151,Pauly,Gladdis,pgladdis46@dion.ne.jp,Female,165.179.204.236,false
152,Koenraad,Dorr,kdorr47@smh.com.au,Male,32.8.225.141,true
153,Travus,Kiley,tkiley48@diigo.com,Male,209.37.191.206,false
154,Scot,Pattesall,spattesall49@nba.com,Male,24.199.7.143,true
155,Jaymee,Paxforde,jpaxforde4a@alexa.com,Female,205.119.245.121,true
156,Amos,Hellmore,ahellmore4b@sourceforge.net,Male,58.121.153.21,true
157,Barnie,Bowie,bbowie4c@statcounter.com,Male,65.33.31.50,true
158,Danna,Sands,dsands4d@infoseek.co.jp,Female,222.1.76.180,false
159,Malina,Niesing,mniesing4e@ft.com,Female,112.85.38.219,false
160,Kristy,Ivanitsa,kivanitsa4f@chicagotribune.com,Female,137.86.52.114,false
161,Rana,Romans,rromans4g@joomla.org,Female,194.208.210.160,true
162,Liv,Eldon,leldon4h@joomla.org,Female,159.235.234.142,false
163,Trixi,Greenhowe,tgreenhowe4i@sourceforge.net,Female,163.30.147.249,true
164,Brady,Gaitone,bgaitone4j@woothemes.com,Male,250.27.55.30,false
165,Hatty,McCafferty,hmccafferty4k@youtube.com,Female,184.143.78.132,true
166,Eddy,Weekland,eweekland4l@alibaba.com,Male,11.156.200.129,true
167,Muffin,Glendenning,mglendenning4m@photobucket.com,Female,50.62.105.240,true
168,Kimberley,Fishburn,kfishburn4n@weebly.com,Female,227.175.3.210,false
169,Eulalie,Orviss,eorviss4o@fc2.com,Female,123.105.61.90,true
170,Emery,Randles,erandles4p@wikia.com,Male,237.232.151.173,false
171,Estell,Fearns,efearns4q@tuttocitta.it,Female,98.13.63.195,false
172,Artair,Legges,alegges4r@howstuffworks.com,Male,226.227.110.251,false
173,Blair,Wharby,bwharby4s@time.com,Female,171.65.95.45,true
174,Monique,Rammell,mrammell4t@economist.com,Female,67.138.92.92,false
175,Sibbie,Behne,sbehne4u@prnewswire.com,Female,41.170.230.192,true
176,Annabela,Wytchard,awytchard4v@spiegel.de,Female,131.118.152.177,true
177,Lorin,Wagg,lwagg4w@about.com,Male,140.186.157.120,false
178,Riccardo,Cadwallader,rcadwallader4x@engadget.com,Male,127.12.28.154,true
179,Amanda,Carlone,acarlone4y@mtv.com,Female,109.147.131.237,true
180,Gibbie,Flaunier,gflaunier4z@uiuc.edu,Male,43.38.1.77,true
181,Brok,Hobbing,bhobbing50@biglobe.ne.jp,Male,204.61.251.24,false
182,Link,Dockrey,ldockrey51@vk.com,Male,138.230.229.160,true
183,Pietrek,Schult,pschult52@shop-pro.jp,Male,70.36.16.111,true
184,Livy,Dowson,ldowson53@arstechnica.com,Female,81.169.35.173,false
185,Lynnea,Hevner,lhevner54@gov.uk,Female,26.161.49.169,false
186,Dre,Stancer,dstancer55@paypal.com,Female,16.9.148.105,true
187,Sondra,Beecraft,sbeecraft56@behance.net,Female,85.21.62.243,true
188,Candice,Andrick,candrick57@redcross.org,Female,236.243.98.243,false
189,Whitney,Lilywhite,wlilywhite58@cafepress.com,Female,48.217.203.205,true
190,Jobie,Rene,jrene59@businessweek.com,Female,243.140.41.83,false
191,Goraud,Berendsen,gberendsen5a@upenn.edu,Male,9.133.75.60,false
192,Derrik,Dobrowski,ddobrowski5b@bing.com,Male,95.192.98.107,false
193,Nonie,Garmanson,ngarmanson5c@eventbrite.com,Female,0.227.250.226,false
194,Mariette,Bramham,mbramham5d@google.com.au,Female,212.87.239.244,false
195,Kathe,Hartmann,khartmann5e@freewebs.com,Female,245.239.51.142,false
196,Elaine,Johnsson,ejohnsson5f@techcrunch.com,Female,97.24.61.92,true
197,Celka,Orford,corford5g@networkadvertising.org,Female,143.53.215.117,false
198,Gwyneth,Iorns,giorns5h@clickbank.net,Female,50.156.59.55,true
199,Noellyn,Ellit,nellit5i@mozilla.org,Female,210.169.15.187,false
200,Ernesta,Rouff,erouff5j@theglobeandmail.com,Female,41.249.233.164,false
201,Orbadiah,Sussems,osussems5k@g.co,Male,18.59.16.97,true
202,Eddi,Stockow,estockow5l@tinyurl.com,Female,45.113.240.43,true
203,Mersey,Leary,mleary5m@csmonitor.com,Female,168.193.15.31,true
204,Kissiah,Tocque,ktocque5n@theguardian.com,Female,155.37.129.243,false
205,Stearne,Naile,snaile5o@cmu.edu,Male,114.127.151.75,true
206,Conni,Fishbourn,cfishbourn5p@google.com.hk,Female,11.33.241.224,false
207,Lona,Di Francecshi,ldifrancecshi5q@jigsy.com,Female,11.210.57.9,false
208,Merill,Chatterton,mchatterton5r@odnoklassniki.ru,Male,110.125.168.30,true
209,Jerrilee,Ace,jace5s@gnu.org,Female,7.23.178.79,false
210,Merv,Spadotto,mspadotto5t@bloomberg.com,Male,52.217.146.159,true
211,Brittany,Binham,bbinham5u@1und1.de,Female,159.71.226.120,true
212,Camile,Backe,cbacke5v@xrea.com,Female,225.45.47.52,true
213,Tami,Morfey,tmorfey5w@nationalgeographic.com,Female,76.74.101.221,false
214,Chick,Gammell,cgammell5x@omniture.com,Male,96.61.116.198,false
215,Kelcy,Cockerill,kcockerill5y@slashdot.org,Female,220.73.54.92,true
216,Beryle,Eatttok,beatttok5z@google.ru,Female,230.212.195.219,true
217,Hillie,Dunkley,hdunkley60@linkedin.com,Male,226.240.0.51,false
218,Nike,McGinnell,nmcginnell61@is.gd,Female,71.43.126.88,false
219,Gill,Finlason,gfinlason62@printfriendly.com,Male,179.107.227.141,true
220,Aridatha,Di Giacomettino,adigiacomettino63@163.com,Female,188.69.217.105,false
221,Kimberlee,Mewett,kmewett64@sciencedirect.com,Female,133.158.236.90,false
222,Adlai,Urquhart,aurquhart65@ucoz.com,Male,17.179.190.104,true
223,Terrel,Castree,tcastree66@ow.ly,Male,127.39.30.105,true
224,Jorrie,Blakesley,jblakesley67@thetimes.co.uk,Female,0.94.163.85,true
225,Valenka,Andreutti,vandreutti68@bloomberg.com,Female,221.70.45.101,true
226,Brodie,Sindell,bsindell69@wired.com,Male,96.48.43.235,false
227,Jean,Haddon,jhaddon6a@sbwire.com,Female,110.137.240.206,true
228,Britney,Davern,bdavern6b@usnews.com,Female,71.173.123.51,false
229,Kippy,Bynold,kbynold6c@feedburner.com,Male,4.220.137.102,false
230,Arlee,Delgardo,adelgardo6d@psu.edu,Female,127.242.129.83,true
231,Goran,Corre,gcorre6e@bigcartel.com,Male,0.160.112.78,false
232,Nerta,Cullrford,ncullrford6f@craigslist.org,Female,67.49.203.101,true
233,Asa,Krienke,akrienke6g@elegantthemes.com,Male,232.121.242.174,false
234,Trstram,Shucksmith,tshucksmith6h@google.nl,Male,65.121.72.198,true
235,Marthe,Spinke,mspinke6i@e-recht24.de,Female,8.0.172.125,false
236,Dulce,Rattenberie,drattenberie6j@ftc.gov,Female,67.93.113.189,true
237,Clerkclaude,Gostridge,cgostridge6k@engadget.com,Male,69.221.96.134,false
238,Kelbee,Shyres,kshyres6l@storify.com,Male,63.19.239.70,false
239,Ardelle,Lowbridge,alowbridge6m@baidu.com,Female,30.253.159.183,true
240,Sibley,Scrimshaw,sscrimshaw6n@arstechnica.com,Female,171.238.87.170,true
241,Chiquia,Bradfield,cbradfield6o@godaddy.com,Female,140.76.56.221,true
242,Evvy,Dunkerk,edunkerk6p@dion.ne.jp,Female,9.143.234.166,false
243,Serene,Aird,saird6q@privacy.gov.au,Female,45.223.146.235,true
244,Georges,Agass,gagass6r@php.net,Male,107.91.166.45,true
245,Willamina,Purveys,wpurveys6s@ucoz.com,Female,236.55.97.106,false
246,Ikey,Franzini,ifranzini6t@miibeian.gov.cn,Male,149.131.123.149,true
247,Reta,Reuss,rreuss6u@ovh.net,Female,183.235.252.117,true
248,Dermot,Reasun,dreasun6v@dailymotion.com,Male,37.224.52.157,false
249,Micheal,Gaskoin,mgaskoin6w@huffingtonpost.com,Male,63.71.113.189,true
250,Melina,Langstone,mlangstone6x@un.org,Female,214.23.128.207,true
251,Farlay,Marcone,fmarcone6y@delicious.com,Male,41.249.55.198,false
252,Gillie,McLoney,gmcloney6z@hugedomains.com,Female,175.70.161.4,true
253,Joey,Paulot,jpaulot70@bandcamp.com,Male,185.102.147.33,false
254,Bo,Bertelsen,bbertelsen71@msu.edu,Male,21.62.155.171,true
255,Randa,Fulloway,rfulloway72@rakuten.co.jp,Female,246.96.142.64,true
256,Rosene,Ramos,rramos73@cocolog-nifty.com,Female,218.51.128.68,true
257,Amelie,Haruard,aharuard74@mediafire.com,Female,179.52.217.125,false
258,Jesus,Deehan,jdeehan75@cpanel.net,Male,42.209.233.162,false
259,Salmon,Southorn,ssouthorn76@studiopress.com,Male,49.151.102.33,false
260,Cherlyn,Gregine,cgregine77@ft.com,Female,229.35.15.238,false
261,Charlot,Stoile,cstoile78@princeton.edu,Female,4.76.36.89,true
262,Conn,McCarlie,cmccarlie79@woothemes.com,Male,127.93.224.142,true
263,Hurlee,Myers,hmyers7a@creativecommons.org,Male,51.229.138.119,true
264,Maribel,Broodes,mbroodes7b@fema.gov,Female,129.24.237.104,true
265,Bob,Dozdill,bdozdill7c@statcounter.com,Male,155.134.119.27,false
266,Ernestus,Bothie,ebothie7d@bizjournals.com,Male,93.254.15.242,true
267,Benji,Coolahan,bcoolahan7e@unblog.fr,Male,27.245.84.181,false
268,Athene,Lillford,alillford7f@jigsy.com,Female,213.105.40.244,true
269,Vanny,Garside,vgarside7g@gnu.org,Female,129.154.29.195,false
270,Gaylor,Bernlin,gbernlin7h@bloglovin.com,Male,130.146.215.74,true
271,Caralie,Benton,cbenton7i@reddit.com,Female,113.102.122.236,false
272,Felicle,Seleway,fseleway7j@blogger.com,Female,248.194.37.183,false
273,Marthe,Pattington,mpattington7k@free.fr,Female,244.116.37.80,false
274,Baillie,Eggle,beggle7l@marriott.com,Male,233.165.118.128,true
275,Jaine,Bullick,jbullick7m@cornell.edu,Female,139.4.2.109,false
276,Doretta,Mc Cahey,dmccahey7n@soup.io,Female,169.136.249.88,false
277,Ladonna,Meighan,lmeighan7o@delicious.com,Female,49.111.192.114,true
278,Louisa,Burrass,lburrass7p@ucla.edu,Female,61.141.165.12,true
279,Lilla,Hawyes,lhawyes7q@businessinsider.com,Female,201.177.75.33,true
280,Tani,Tolworthie,ttolworthie7r@wikipedia.org,Female,100.221.2.188,false
281,Israel,Dinis,idinis7s@aboutads.info,Male,77.77.115.44,true
282,Umberto,Haskew,uhaskew7t@auda.org.au,Male,119.3.162.92,true
283,Nolie,Richards,nrichards7u@hexun.com,Female,175.36.220.29,false
284,Rafe,Corrado,rcorrado7v@senate.gov,Male,241.186.255.129,true
285,Nonna,Biasotti,nbiasotti7w@hud.gov,Female,249.63.203.50,true
286,Loise,Nunn,lnunn7x@nifty.com,Female,137.16.238.235,true
287,Bel,Joutapaitis,bjoutapaitis7y@blinklist.com,Female,24.206.3.68,true
288,Lonnard,Medhurst,lmedhurst7z@google.pl,Male,46.229.77.133,true
289,Hughie,Boys,hboys80@ask.com,Male,209.63.101.103,true
290,Brennen,Doel,bdoel81@rediff.com,Male,251.199.107.201,true
291,Temple,Cornillot,tcornillot82@google.com,Male,51.243.232.68,true
292,Jordana,Gommery,jgommery83@google.nl,Female,49.126.0.39,false
293,Alexandros,O'Connor,aoconnor84@chron.com,Male,75.105.116.161,false
294,Wileen,Oaks,woaks85@friendfeed.com,Female,40.152.104.176,false
295,Nikos,Drewitt,ndrewitt86@bravesites.com,Male,219.1.59.195,true
296,Skipp,Edwardes,sedwardes87@dropbox.com,Male,175.239.18.187,false
297,Colly,Sussex,csussex88@psu.edu,Female,226.224.83.179,true
298,Liana,Farr,lfarr89@usda.gov,Female,96.31.33.93,true
299,Lena,Squibbs,lsquibbs8a@pagesperso-orange.fr,Female,150.62.191.35,true
300,Delilah,Gallager,dgallager8b@census.gov,Female,79.241.118.232,true
301,Ardella,Butland,abutland8c@seattletimes.com,Female,169.58.43.21,false
302,Lay,Coulthard,lcoulthard8d@cnet.com,Male,57.255.35.62,true
303,Janenna,Braunes,jbraunes8e@purevolume.com,Female,146.208.241.225,true
304,Dyanne,Jeffcoate,djeffcoate8f@toplist.cz,Female,149.65.46.83,false
305,Burl,Causon,bcauson8g@hao123.com,Male,233.62.80.224,true
306,Georgy,Oliver,goliver8h@purevolume.com,Male,58.135.26.35,true
307,Josh,Gadney,jgadney8i@eventbrite.com,Male,165.240.159.46,true
308,Xenia,Dronsfield,xdronsfield8j@netscape.com,Female,190.155.34.244,false
309,Elmer,Ellen,eellen8k@nytimes.com,Male,101.245.251.96,true
310,Janella,Morrissey,jmorrissey8l@ycombinator.com,Female,75.221.153.200,true
311,Swen,Turford,sturford8m@cornell.edu,Male,75.127.81.245,false
312,Hubie,Powdrill,hpowdrill8n@wisc.edu,Male,238.192.187.158,false
313,Geralda,D'Ambrogio,gdambrogio8o@reference.com,Female,0.67.171.216,true
314,Kent,Yegorov,kyegorov8p@state.tx.us,Male,93.95.105.215,true
315,Hallsy,Housego,hhousego8q@yale.edu,Male,153.201.224.81,false
316,Sisile,Eustace,seustace8r@who.int,Female,80.140.249.209,true
317,Karin,Charlick,kcharlick8s@comcast.net,Female,49.218.183.249,true
318,Jorge,Melanaphy,jmelanaphy8t@home.pl,Male,154.17.78.248,true
319,Mellisent,Pedrozzi,mpedrozzi8u@constantcontact.com,Female,124.67.89.209,true
320,Oran,Lillie,olillie8v@home.pl,Male,122.18.103.121,true
321,Shem,MacAndie,smacandie8w@phpbb.com,Male,222.200.193.73,false
322,Dalt,MacKenney,dmackenney8x@g.co,Male,93.80.81.147,false
323,Delmer,Knibley,dknibley8y@ycombinator.com,Male,143.234.104.85,false
324,Eugenio,Haestier,ehaestier8z@printfriendly.com,Male,87.131.49.202,false
325,Reta,Lantaph,rlantaph90@noaa.gov,Female,241.172.222.193,true
326,Tallulah,Willmot,twillmot91@nyu.edu,Female,37.164.108.158,false
327,Joice,Goatman,jgoatman92@i2i.jp,Female,173.144.104.170,false
328,Angelita,Holdren,aholdren93@meetup.com,Female,148.93.145.39,false
329,Ferdinand,Gunny,fgunny94@prlog.org,Male,98.98.2.122,true
330,Dorey,Sill,dsill95@typepad.com,Male,249.19.15.86,true
331,Xaviera,Biermatowicz,xbiermatowicz96@google.fr,Female,218.47.81.87,true
332,Rustin,Rennenbach,rrennenbach97@vkontakte.ru,Male,174.24.227.237,false
333,Armando,Feechan,afeechan98@nps.gov,Male,71.33.58.203,true
334,Evania,Bruckman,ebruckman99@plala.or.jp,Female,28.245.127.97,true
335,Prince,Lindsell,plindsell9a@usatoday.com,Male,255.18.84.110,false
336,Steward,Marchington,smarchington9b@scientificamerican.com,Male,249.205.218.60,true
337,Dwight,Dickey,ddickey9c@vimeo.com,Male,62.215.197.81,false
338,Billie,Sego,bsego9d@goo.gl,Male,162.70.121.118,true
339,Chelsae,Massey,cmassey9e@spiegel.de,Female,138.133.234.90,false
340,Ulberto,Stacey,ustacey9f@theatlantic.com,Male,242.118.172.95,false
341,Hailey,Hammerstone,hhammerstone9g@hud.gov,Male,176.75.74.116,true
342,Laurene,Klimecki,lklimecki9h@symantec.com,Female,249.247.44.181,false
343,Bryn,Whittet,bwhittet9i@123-reg.co.uk,Female,153.62.252.40,false
344,Stillman,Jancic,sjancic9j@japanpost.jp,Male,223.86.43.152,false
345,Laetitia,Sillito,lsillito9k@stanford.edu,Female,52.65.85.93,true
346,Rosa,Brimmacombe,rbrimmacombe9l@blogger.com,Female,93.19.38.14,false
347,Agata,McClenaghan,amcclenaghan9m@utexas.edu,Female,248.40.183.18,false
348,Falkner,Gryglewski,fgryglewski9n@phoca.cz,Male,51.40.181.37,true
349,Rafaellle,Coker,rcoker9o@admin.ch,Male,165.251.177.92,true
350,Belita,Yedall,byedall9p@digg.com,Female,113.56.207.208,false
351,Blane,Rodrig,brodrig9q@hp.com,Male,186.3.234.173,false
352,Peyton,Leebeter,pleebeter9r@bizjournals.com,Male,221.15.151.214,false
353,Kimbra,Mockford,kmockford9s@yolasite.com,Female,5.198.247.127,true
354,Blisse,McCaughen,bmccaughen9t@statcounter.com,Female,141.242.111.255,true
355,Shirlee,Noblett,snoblett9u@businessinsider.com,Female,42.98.140.99,true
356,Larry,Vidineev,lvidineev9v@toplist.cz,Male,61.46.126.249,false
357,Trever,Joice,tjoice9w@tripod.com,Male,53.152.203.219,false
358,Lind,Stute,lstute9x@scientificamerican.com,Male,103.246.189.211,false
359,Chevy,Dun,cdun9y@parallels.com,Male,131.214.228.58,false
360,Ange,Barribal,abarribal9z@microsoft.com,Female,239.50.16.87,false
361,Jessamine,Filtness,jfiltnessa0@bravesites.com,Female,27.204.103.82,true
362,Ilario,Bourdel,ibourdela1@360.cn,Male,79.218.99.137,true
363,Robbyn,Clever,rclevera2@comsenz.com,Female,64.238.1.247,false
364,Estel,Dunsford,edunsforda3@wikipedia.org,Female,86.233.169.55,false
365,Perceval,Fifield,pfifielda4@biglobe.ne.jp,Male,86.129.48.156,false
366,Noby,Tothe,ntothea5@goodreads.com,Male,55.127.107.115,true
367,Sorcha,Kenneford,skenneforda6@bloomberg.com,Female,177.214.183.225,true
368,Orville,Lempel,olempela7@over-blog.com,Male,115.10.187.239,true
369,Ynes,Lyngsted,ylyngsteda8@meetup.com,Female,128.193.131.40,false
370,Brnaby,Rolingson,brolingsona9@unesco.org,Male,58.98.202.117,true
371,Merrel,Osmon,mosmonaa@chicagotribune.com,Male,166.163.79.206,false
372,Orelia,Extil,oextilab@reverbnation.com,Female,16.113.155.74,false
373,Nelia,Rosario,nrosarioac@telegraph.co.uk,Female,99.222.106.93,false
374,Regine,Riddell,rriddellad@surveymonkey.com,Female,17.37.154.25,true
375,Gerta,Kleisel,gkleiselae@booking.com,Female,129.92.124.206,true
376,Bernie,Drewes,bdrewesaf@slideshare.net,Male,238.149.243.129,false
377,Davin,Smithen,dsmithenag@bigcartel.com,Male,77.88.220.190,false
378,Nessa,Moizer,nmoizerah@smugmug.com,Female,63.211.191.93,true
379,Minta,Gilcriest,mgilcriestai@comsenz.com,Female,248.49.101.118,true
380,Mariellen,McBryde,mmcbrydeaj@admin.ch,Female,152.239.70.217,false
381,Magdaia,Deener,mdeenerak@ezinearticles.com,Female,105.10.45.141,true
382,Miles,Denekamp,mdenekampal@yale.edu,Male,20.49.1.5,false
383,Elmira,Fagan,efaganam@state.tx.us,Female,58.237.66.48,true
384,Geoffry,Bennet,gbennetan@tinyurl.com,Male,232.216.159.164,true
385,Pearce,Pagel,ppagelao@globo.com,Male,82.215.0.44,true
386,Berk,Spelling,bspellingap@opera.com,Male,36.190.65.193,false
387,Hi,Paffley,hpaffleyaq@cdc.gov,Male,61.36.194.97,true
388,Berkie,Peyes,bpeyesar@ox.ac.uk,Male,82.1.0.253,true
389,Obediah,Blumson,oblumsonas@skype.com,Male,28.89.83.177,false
390,Roy,Imm,rimmat@yellowpages.com,Male,86.135.73.45,true
391,Panchito,Claypool,pclaypoolau@privacy.gov.au,Male,89.232.118.246,true
392,Carey,Pretsel,cpretselav@imgur.com,Female,246.1.112.60,true
393,Rip,Perutto,rperuttoaw@bloglovin.com,Male,131.192.7.226,true
394,Ettie,Tremlett,etremlettax@marketwatch.com,Female,231.129.233.151,true
395,Lena,Daulton,ldaultonay@pcworld.com,Female,248.170.136.227,true
396,Sianna,Saltsberg,ssaltsbergaz@list-manage.com,Female,77.7.228.24,true
397,Ivie,Thow,ithowb0@npr.org,Female,186.95.110.181,false
398,Kaleb,Mattys,kmattysb1@sphinn.com,Male,158.3.55.56,true
399,Lotta,Shillitoe,lshillitoeb2@scribd.com,Female,175.82.177.59,true
400,Dita,Doche,ddocheb3@google.com.br,Female,41.114.219.171,false
401,Beret,Bartleman,bbartlemanb4@e-recht24.de,Female,192.240.160.247,true
402,Sabine,Sharpe,ssharpeb5@yale.edu,Female,180.143.16.135,false
403,Brandy,Shinton,bshintonb6@myspace.com,Female,183.19.210.245,false
404,Ashlan,Plose,aploseb7@shop-pro.jp,Female,61.252.32.36,true
405,Yves,Fleming,yflemingb8@de.vu,Male,243.163.6.156,false
406,Rafaelia,Hasling,rhaslingb9@de.vu,Female,191.231.167.230,true
407,Dniren,Braunlein,dbraunleinba@cyberchimps.com,Female,217.84.252.244,true
408,Zandra,Ashby,zashbybb@deviantart.com,Female,208.218.192.149,false
409,Tracy,Cultcheth,tcultchethbc@bandcamp.com,Female,48.11.64.169,false
410,Tonye,Renahan,trenahanbd@nature.com,Female,234.204.196.121,true
411,Demetris,Golda,dgoldabe@exblog.jp,Female,144.34.216.44,true
412,Heinrick,Hornbuckle,hhornbucklebf@slashdot.org,Male,240.57.99.176,true
413,Trumann,Hanvey,thanveybg@washingtonpost.com,Male,14.14.35.166,true
414,Shellysheldon,Ouldcott,souldcottbh@mozilla.org,Male,228.216.134.108,false
415,Talyah,Dumblton,tdumbltonbi@businessweek.com,Female,218.89.181.15,true
416,Tova,Mulqueen,tmulqueenbj@irs.gov,Female,136.44.235.3,true
417,Mordecai,McPake,mmcpakebk@rakuten.co.jp,Male,209.165.36.187,true
418,Jaine,Jolliss,jjollissbl@bloglovin.com,Female,76.214.222.165,true
419,Lesley,Fendt,lfendtbm@uol.com.br,Male,27.17.199.79,false
420,Katina,Sarfat,ksarfatbn@phoca.cz,Female,154.125.38.101,false
421,Erskine,Philippard,ephilippardbo@scientificamerican.com,Male,85.82.86.188,true
422,Freida,Steuhlmeyer,fsteuhlmeyerbp@flickr.com,Female,151.172.191.191,false
423,Robin,MacGillicuddy,rmacgillicuddybq@goodreads.com,Female,231.125.57.146,true
424,Ellswerth,Limer,elimerbr@mozilla.com,Male,44.157.155.30,false
425,Cherrita,Barkly,cbarklybs@vimeo.com,Female,154.153.155.45,false
426,Dagny,Franks,dfranksbt@hp.com,Male,195.105.167.36,false
427,Gloriane,Dmitrichenko,gdmitrichenkobu@newsvine.com,Female,11.115.163.33,false
428,Elston,Paumier,epaumierbv@canalblog.com,Male,98.179.40.167,false
429,Kerr,Cullabine,kcullabinebw@wordpress.org,Male,88.177.161.88,true
430,Hadrian,Stoeckle,hstoecklebx@google.pl,Male,69.154.105.79,false
431,Dannel,Firmin,dfirminby@timesonline.co.uk,Male,242.145.101.170,false
432,Boot,Gronav,bgronavbz@time.com,Male,51.212.212.214,true
433,Mack,Cawthra,mcawthrac0@godaddy.com,Male,125.65.83.120,false
434,Lilllie,Bris,lbrisc1@yahoo.com,Female,244.183.36.94,true
435,Marcelline,Szymoni,mszymonic2@constantcontact.com,Female,37.55.69.25,false
436,Hector,Wandrich,hwandrichc3@deliciousdays.com,Male,143.21.12.152,false
437,Herminia,Morl,hmorlc4@github.com,Female,68.132.13.142,true
438,Pincas,Binham,pbinhamc5@walmart.com,Male,200.36.204.76,false
439,Siegfried,Reedyhough,sreedyhoughc6@netvibes.com,Male,78.254.15.82,true
440,Celinda,Girkins,cgirkinsc7@ox.ac.uk,Female,198.104.166.75,true
441,Zelig,Khoter,zkhoterc8@blog.com,Male,60.84.224.114,false
442,Minnaminnie,O'Calleran,mocalleranc9@examiner.com,Female,116.84.147.127,true
443,Ara,Donohoe,adonohoeca@noaa.gov,Female,151.205.36.106,false
444,Shawna,Tangye,stangyecb@cdc.gov,Female,176.102.39.249,true
445,Rahel,Sinney,rsinneycc@mozilla.org,Female,191.214.178.188,false
446,Ivie,Yakushkin,iyakushkincd@weibo.com,Female,18.224.183.217,true
447,Nikolas,Cain,ncaince@moonfruit.com,Male,219.160.180.167,true
448,Shandee,Hanhardt,shanhardtcf@wix.com,Female,169.52.20.7,true
449,Kain,Strute,kstrutecg@merriam-webster.com,Male,132.86.154.49,false
450,Gilli,Blyden,gblydench@businessweek.com,Female,99.243.116.105,true
451,Shanda,Ivanov,sivanovci@shop-pro.jp,Female,23.250.107.134,true
452,Heida,McGrotty,hmcgrottycj@addthis.com,Female,127.48.23.119,true
453,Myron,Edelmann,medelmannck@princeton.edu,Male,82.89.130.247,false
454,Estel,Potell,epotellcl@cbc.ca,Female,59.97.110.0,false
455,Rebeka,Minster,rminstercm@fema.gov,Female,231.180.136.174,false
456,Vevay,Gogay,vgogaycn@people.com.cn,Female,181.94.174.83,false
457,Garvin,Kingswood,gkingswoodco@usa.gov,Male,110.93.232.104,false
458,Judon,Kenderdine,jkenderdinecp@soup.io,Male,243.12.102.167,true
459,Katlin,Imort,kimortcq@seattletimes.com,Female,34.110.166.211,false
460,Myrtie,Powling,mpowlingcr@wisc.edu,Female,250.118.166.223,true
461,Jarad,Marishenko,jmarishenkocs@163.com,Male,175.59.212.170,true
462,Byrom,Westmoreland,bwestmorelandct@tiny.cc,Male,182.156.237.240,false
463,Burl,Colbertson,bcolbertsoncu@marriott.com,Male,195.98.140.171,true
464,Ulberto,Boothman,uboothmancv@prlog.org,Male,169.137.99.10,false
465,Casey,Clutterham,cclutterhamcw@ifeng.com,Female,11.113.240.198,false
466,Ryon,Forre,rforrecx@unesco.org,Male,149.130.255.252,false
467,Udell,Sayes,usayescy@bizjournals.com,Male,151.196.33.137,false
468,Lonna,Stainfield,lstainfieldcz@cpanel.net,Female,132.248.206.39,true
469,Haydon,Bowdler,hbowdlerd0@google.com.br,Male,73.185.84.217,true
470,Lizzy,McConnal,lmcconnald1@hhs.gov,Female,161.86.13.91,true
471,Rockie,Trenbey,rtrenbeyd2@nydailynews.com,Male,108.208.38.5,true
472,Patrizius,Slewcock,pslewcockd3@etsy.com,Male,159.37.174.215,false
473,Aldrich,Tamblyn,atamblynd4@google.com.au,Male,120.21.88.157,true
474,Adrienne,Murtagh,amurtaghd5@t.co,Female,181.53.33.244,true
475,Kev,Cream,kcreamd6@google.com.hk,Male,40.63.231.45,true
476,Lucky,Cyples,lcyplesd7@sourceforge.net,Female,21.44.80.223,true
477,Florentia,Lusher,flusherd8@edublogs.org,Female,37.175.218.136,true
478,Elbertina,Killiner,ekillinerd9@nyu.edu,Female,126.66.235.161,true
479,Andy,Edlestone,aedlestoneda@ask.com,Male,78.64.97.166,true
480,Tallulah,Reames,treamesdb@wix.com,Female,48.138.34.180,false
481,Martynne,Tremmel,mtremmeldc@chicagotribune.com,Female,31.31.215.138,false
482,Urbano,Gosling,ugoslingdd@hhs.gov,Male,253.43.134.26,true
483,Rheta,McGaw,rmcgawde@google.com.br,Female,187.20.9.203,false
484,Bradley,Anand,bananddf@msu.edu,Male,171.60.158.44,true
485,Rennie,Braz,rbrazdg@seesaa.net,Female,20.36.247.217,false
486,Charmain,Beswetherick,cbeswetherickdh@smugmug.com,Female,215.209.15.137,false
487,Calypso,Kerwin,ckerwindi@engadget.com,Female,251.7.121.28,true
488,Rab,Lemin,rlemindj@wufoo.com,Male,208.111.209.169,false
489,Ramona,Sones,rsonesdk@nationalgeographic.com,Female,149.191.73.111,true
490,Thia,Blazhevich,tblazhevichdl@dagondesign.com,Female,8.194.86.173,true
491,Rufus,Giovani,rgiovanidm@businessinsider.com,Male,42.153.118.158,false
492,Bret,Kerr,bkerrdn@aboutads.info,Male,192.204.0.112,false
493,Taffy,Jaycock,tjaycockdo@shop-pro.jp,Female,29.98.29.126,false
494,Feliza,Matchitt,fmatchittdp@hatena.ne.jp,Female,229.209.94.143,false
495,Quint,Alywin,qalywindq@chronoengine.com,Male,18.72.72.225,true
496,Jude,Avramow,javramowdr@usda.gov,Male,82.29.238.123,true
497,Creigh,Semeniuk,csemeniukds@tripod.com,Male,159.18.90.42,false
498,Corabelle,Mapes,cmapesdt@sina.com.cn,Female,60.121.181.157,false
499,Kori,Rosenzveig,krosenzveigdu@skype.com,Female,176.69.33.32,false
500,Wandis,Mansell,wmanselldv@google.cn,Female,122.95.50.206,false
501,Homere,Churly,hchurlydw@bluehost.com,Male,62.227.189.213,true
502,Obie,Dering,oderingdx@businessweek.com,Male,36.254.168.203,true
503,Carilyn,Baggaley,cbaggaleydy@yale.edu,Female,172.164.127.119,false
504,Kaiser,Klemencic,kklemencicdz@1und1.de,Male,78.22.104.246,false
505,Bryant,McLardie,bmclardiee0@thetimes.co.uk,Male,250.19.146.26,false
506,Meggi,Zucker,mzuckere1@yale.edu,Female,219.21.197.76,true
507,Reagen,Fratczak,rfratczake2@tumblr.com,Male,16.39.20.54,true
508,Melesa,Matfin,mmatfine3@ft.com,Female,112.60.233.28,false
509,Codi,Peres,cperese4@mozilla.org,Male,252.52.76.9,false
510,Hannie,Dahl,hdahle5@bravesites.com,Female,34.209.228.239,true
511,Laurent,Harlin,lharline6@nbcnews.com,Male,254.55.21.194,true
512,Glendon,Easeman,geasemane7@yellowbook.com,Male,201.87.214.176,false
513,Bobinette,Laurand,blaurande8@wp.com,Female,21.234.99.158,true
514,Ara,Woodthorpe,awoodthorpee9@networkadvertising.org,Male,187.145.42.203,true
515,Chris,Stittle,cstittleea@nih.gov,Male,63.101.72.142,true
516,Barri,Paye,bpayeeb@craigslist.org,Male,234.81.36.18,true
517,Nisse,McAirt,nmcairtec@weebly.com,Female,35.19.99.156,true
518,Theadora,Roistone,troistoneed@cornell.edu,Female,146.51.64.20,true
519,Carola,Pleven,cplevenee@bbb.org,Female,68.164.234.224,false
520,Dwight,Tallis,dtallisef@timesonline.co.uk,Male,31.204.180.36,true
521,Darrick,Drohan,ddrohaneg@redcross.org,Male,187.57.66.83,false
522,Sigismund,Hum,shumeh@goodreads.com,Male,184.131.67.9,true
523,Deina,Werner,dwernerei@yahoo.co.jp,Female,71.22.161.146,true
524,Rae,Northeast,rnortheastej@linkedin.com,Female,196.102.227.125,true
525,Dulsea,Hawse,dhawseek@google.com.hk,Female,149.69.169.244,true
526,Alina,Adamczyk,aadamczykel@whitehouse.gov,Female,6.33.18.238,true
527,Fidole,Attenbrough,fattenbroughem@xrea.com,Male,26.243.73.74,true
528,Artus,Mariaud,amariauden@desdev.cn,Male,34.234.159.97,false
529,Maressa,Edelheit,medelheiteo@wordpress.com,Female,118.239.232.161,false
530,Richart,VanBrugh,rvanbrughep@va.gov,Male,245.54.33.188,false
531,Piggy,Ventham,pventhameq@whitehouse.gov,Male,1.97.250.240,false
532,Corney,Yurygyn,cyurygyner@unblog.fr,Male,25.21.115.170,true
533,Murial,Kasher,mkasheres@craigslist.org,Female,16.55.86.225,false
534,Jeanne,Cansdale,jcansdaleet@wikimedia.org,Female,39.37.60.162,false
535,Cindie,Tricker,ctrickereu@tinypic.com,Female,184.44.123.119,false
536,Uriah,Hovey,uhoveyev@theatlantic.com,Male,160.247.42.236,true
537,Smith,Gepson,sgepsonew@bbb.org,Male,223.244.8.244,false
538,Abdel,Dodge,adodgeex@wired.com,Male,201.98.26.189,true
539,Darby,Royans,droyansey@themeforest.net,Female,233.137.22.0,false
540,Hadlee,Hayto,hhaytoez@yale.edu,Male,153.53.92.148,false
541,Raul,Rosewall,rrosewallf0@unicef.org,Male,111.94.200.119,true
542,Aryn,Bidgood,abidgoodf1@pinterest.com,Female,12.155.140.106,false
543,Yves,Benne,ybennef2@fc2.com,Male,6.192.192.151,true
544,Bent,Powter,bpowterf3@washington.edu,Male,183.47.78.194,true
545,Corie,Van Haeften,cvanhaeftenf4@eepurl.com,Female,167.54.244.119,true
546,Ynes,Dines,ydinesf5@pbs.org,Female,222.169.164.209,true
547,Beale,Gillbee,bgillbeef6@com.com,Male,117.5.77.82,false
548,Alessandro,Luckham,aluckhamf7@bigcartel.com,Male,199.68.123.158,true
549,Ivar,Dimitrie,idimitrief8@tripadvisor.com,Male,99.115.193.91,true
550,Heinrik,Cotterell,hcotterellf9@gnu.org,Male,118.255.10.241,false
551,Kelsy,Kyndred,kkyndredfa@springer.com,Female,124.96.255.6,false
552,Park,Dobel,pdobelfb@yahoo.co.jp,Male,99.199.70.84,true
553,Emmery,Gerrad,egerradfc@clickbank.net,Male,165.89.225.90,false
554,Nancie,Shepheard,nshepheardfd@wunderground.com,Female,150.76.97.210,false
555,Sumner,Francescotti,sfrancescottife@studiopress.com,Male,121.148.222.246,false
556,Marnia,Diglin,mdiglinff@1und1.de,Female,147.57.104.200,false
557,Mirabelle,Jovasevic,mjovasevicfg@jalbum.net,Female,216.78.15.80,true
558,Darell,Iiannoni,diiannonifh@examiner.com,Female,67.246.164.47,true
559,Rosalinde,Lorinez,rlorinezfi@aol.com,Female,58.72.57.141,false
560,Chandra,Artinstall,cartinstallfj@adobe.com,Female,149.36.160.125,true
561,Hedwig,Ralston,hralstonfk@shinystat.com,Female,178.99.7.255,false
562,Currey,Hinchon,chinchonfl@hc360.com,Male,119.147.140.219,false
563,Mill,Daintry,mdaintryfm@shareasale.com,Male,252.101.15.213,false
564,Rorie,Crake,rcrakefn@csmonitor.com,Female,196.45.204.174,true
565,Jennica,Gavagan,jgavaganfo@alibaba.com,Female,88.195.7.106,true
566,Millicent,McNelis,mmcnelisfp@hostgator.com,Female,84.198.192.191,true
567,Conney,Rowdell,crowdellfq@example.com,Male,130.204.21.254,false
568,Brent,Russell,brussellfr@yolasite.com,Male,102.9.255.27,true
569,Izaak,Greguoli,igreguolifs@wisc.edu,Male,193.27.235.171,true
570,Zulema,Ankers,zankersft@redcross.org,Female,111.89.188.46,false
571,Cletis,Gipps,cgippsfu@engadget.com,Male,27.237.179.125,true
572,Opalina,Walkowski,owalkowskifv@reference.com,Female,223.163.177.229,false
573,Aeriela,Paler,apalerfw@infoseek.co.jp,Female,245.202.159.197,true
574,Melicent,Riggeard,mriggeardfx@nifty.com,Female,110.224.183.185,false
575,Ivie,Buckingham,ibuckinghamfy@google.com,Female,88.164.52.67,true
576,Annabell,Minards,aminardsfz@shareasale.com,Female,157.75.164.86,true
577,Audy,Koppeck,akoppeckg0@europa.eu,Female,95.10.96.41,false
578,Wally,Kemster,wkemsterg1@businesswire.com,Male,161.47.61.128,false
579,Ailbert,D'Ambrosi,adambrosig2@archive.org,Male,72.198.212.236,true
580,Dede,Chaudhry,dchaudhryg3@cargocollective.com,Female,128.243.213.156,false
581,Edgardo,Orrick,eorrickg4@sina.com.cn,Male,143.28.19.57,false
582,Gian,Jillins,gjillinsg5@dmoz.org,Male,85.244.189.204,true
583,Trudey,Red,tredg6@ning.com,Female,17.33.160.153,false
584,Burk,Touson,btousong7@gizmodo.com,Male,77.106.37.251,false
585,Any,Clear,aclearg8@bloomberg.com,Male,219.43.190.98,true
586,Betsey,Norcliff,bnorcliffg9@scientificamerican.com,Female,129.155.190.206,true
587,Sherwin,Scandwright,sscandwrightga@accuweather.com,Male,104.97.61.59,false
588,Henrie,Earney,hearneygb@lycos.com,Female,14.227.157.49,false
589,Orin,Daverin,odaveringc@freewebs.com,Male,244.10.70.204,false
590,Lorna,Collinge,lcollingegd@ifeng.com,Female,219.20.252.65,true
591,Germain,Fogel,gfogelge@altervista.org,Male,63.92.134.59,false
592,Willyt,Vaughan,wvaughangf@psu.edu,Female,167.181.16.89,false
593,Shay,Axcel,saxcelgg@samsung.com,Male,251.102.20.49,false
594,Anna,Klimus,aklimusgh@mac.com,Female,225.220.94.249,false
595,Letty,Rubinsky,lrubinskygi@mashable.com,Female,142.202.33.149,true
596,Kimberlyn,Posse,kpossegj@blogs.com,Female,159.253.17.207,true
597,Darsie,Pickervance,dpickervancegk@ning.com,Female,207.211.10.189,false
598,Andy,Rengger,arenggergl@sbwire.com,Male,214.119.180.220,false
599,Iosep,Pilfold,ipilfoldgm@nydailynews.com,Male,250.245.23.43,true
600,Clayson,Kitchenham,ckitchenhamgn@csmonitor.com,Male,175.146.55.165,false
601,Ruthe,Becarra,rbecarrago@icq.com,Female,252.70.92.153,false
602,Titus,Kobieriecki,tkobierieckigp@aboutads.info,Male,125.162.158.252,false
603,Teador,Heare,thearegq@cbc.ca,Male,182.86.192.101,false
604,Cal,Matevushev,cmatevushevgr@ow.ly,Male,148.40.57.206,false
605,Ashil,Jancso,ajancsogs@amazon.co.jp,Female,80.105.204.110,false
606,Selestina,Tumelty,stumeltygt@stumbleupon.com,Female,197.237.52.166,true
607,Andre,Winterbottom,awinterbottomgu@cnn.com,Male,219.217.55.133,true
608,Davide,Ringer,dringergv@purevolume.com,Male,145.96.111.105,false
609,Laina,Bess,lbessgw@yale.edu,Female,194.110.63.16,true
610,Chelsey,Logg,clogggx@yahoo.co.jp,Female,92.85.191.65,true
611,Giff,Cicchetto,gcicchettogy@fotki.com,Male,30.211.251.84,true
612,Stace,Philippet,sphilippetgz@ihg.com,Female,230.199.125.17,false
613,Lay,Kingsnoad,lkingsnoadh0@sun.com,Male,93.49.195.71,true
614,Almeta,Fraschetti,afraschettih1@slate.com,Female,113.1.216.253,false
615,Carey,Marle,cmarleh2@home.pl,Male,52.107.178.212,false
616,Cirilo,Coonan,ccoonanh3@aol.com,Male,207.58.77.244,true
617,Harwell,Mahady,hmahadyh4@facebook.com,Male,24.27.165.214,true
618,Hannah,Works,hworksh5@quantcast.com,Female,192.52.49.167,true
619,Krystal,Balk,kbalkh6@flavors.me,Female,69.195.232.195,false
620,Geraldine,Bengtsson,gbengtssonh7@ucla.edu,Female,106.142.9.114,false
621,Jaime,Behning,jbehningh8@google.com,Male,177.96.36.90,false
622,Genevieve,Hotson,ghotsonh9@google.co.jp,Female,51.59.81.193,false
623,Emilie,Saladin,esaladinha@irs.gov,Female,100.148.168.183,true
624,Leif,Roon,lroonhb@yellowbook.com,Male,239.199.219.33,false
625,Kym,McKeggie,kmckeggiehc@vk.com,Female,226.227.83.19,false
626,Jen,Durand,jdurandhd@blogs.com,Female,134.142.98.55,true
627,Jolee,Laviste,jlavistehe@geocities.com,Female,68.237.100.85,true
628,Lammond,Brownell,lbrownellhf@wordpress.org,Male,28.64.89.56,true
629,Gar,Drysdale,gdrysdalehg@1und1.de,Male,15.27.56.132,true
630,Tiler,Spatoni,tspatonihh@businessweek.com,Male,216.197.54.242,false
631,Jakie,Foynes,jfoyneshi@xing.com,Male,95.66.76.230,false
632,Caril,Anfossi,canfossihj@hugedomains.com,Female,181.186.158.50,false
633,Koralle,Bulman,kbulmanhk@opera.com,Female,214.78.121.170,false
634,Templeton,Hallstone,thallstonehl@cisco.com,Male,18.13.230.218,true
635,Neille,Jozwicki,njozwickihm@scientificamerican.com,Female,107.67.100.0,false
636,Xenos,Playfoot,xplayfoothn@uol.com.br,Male,252.27.3.247,false
637,Viviyan,Southan,vsouthanho@prweb.com,Female,188.216.197.16,true
638,Reba,Fritzer,rfritzerhp@shinystat.com,Female,219.73.41.38,true
639,Everett,Dorsett,edorsetthq@seattletimes.com,Male,196.157.63.81,true
640,Dulcinea,German,dgermanhr@pagesperso-orange.fr,Female,86.168.141.101,false
641,Tiphanie,Larret,tlarreths@samsung.com,Female,73.134.127.214,true
642,Dimitry,Eveque,devequeht@imgur.com,Male,152.51.238.27,true
643,Zebulon,Coale,zcoalehu@comcast.net,Male,31.203.237.73,true
644,Inge,Minto,imintohv@smh.com.au,Female,130.126.114.94,true
645,Ulberto,Beynon,ubeynonhw@furl.net,Male,171.180.241.171,false
646,Celisse,Gellett,cgelletthx@tamu.edu,Female,4.234.226.28,false
647,Sarge,Fardell,sfardellhy@seattletimes.com,Male,68.215.189.185,true
648,Rodolfo,Mirralls,rmirrallshz@constantcontact.com,Male,199.179.29.20,false
649,Gan,Duggen,gduggeni0@nasa.gov,Male,85.248.130.223,true
650,Jeane,Hurdis,jhurdisi1@wordpress.org,Female,195.135.27.175,false
651,Boniface,Deboick,bdeboicki2@mayoclinic.com,Male,124.252.246.94,false
652,Tripp,Cohalan,tcohalani3@lulu.com,Male,181.237.253.22,false
653,Katleen,Cheng,kchengi4@hubpages.com,Female,90.200.139.86,false
654,Rinaldo,Warwicker,rwarwickeri5@rakuten.co.jp,Male,243.234.251.161,false
655,Richie,Cathenod,rcathenodi6@reverbnation.com,Male,200.29.139.161,false
656,Ferris,Thomton,fthomtoni7@fastcompany.com,Male,252.37.167.87,true
657,Currie,Harlock,charlocki8@ask.com,Male,95.29.88.87,false
658,Dag,Presnell,dpresnelli9@multiply.com,Male,114.236.183.245,true
659,Bradney,Tanslie,btanslieia@netvibes.com,Male,65.0.22.229,true
660,Arne,Touhig,atouhigib@apple.com,Male,44.187.115.223,false
661,Denni,McAlister,dmcalisteric@netvibes.com,Female,132.216.89.1,true
662,Norry,Einchcombe,neinchcombeid@example.com,Male,61.193.144.202,false
663,Kalila,Mayoral,kmayoralie@google.it,Female,161.65.93.192,true
664,Ramsay,Brisley,rbrisleyif@exblog.jp,Male,145.91.29.79,true
665,Carlie,Druery,cdrueryig@nhs.uk,Female,239.68.9.163,false
666,Corrie,Enderwick,cenderwickih@nhs.uk,Male,83.89.8.214,true
667,Angelo,Edbrooke,aedbrookeii@diigo.com,Male,255.19.87.231,false
668,Zachary,Cockell,zcockellij@sun.com,Male,229.26.6.114,false
669,Valene,Scothron,vscothronik@hubpages.com,Female,66.84.138.230,false
670,Dale,Cleugher,dcleugheril@blog.com,Male,158.6.202.5,true
671,Alair,Weblin,aweblinim@webeden.co.uk,Male,32.158.87.142,false
672,Tatum,Rubertis,trubertisin@tuttocitta.it,Female,1.166.123.65,false
673,Kira,Huffer,khufferio@cnbc.com,Female,172.145.233.251,true
674,Deirdre,Fincken,dfinckenip@miitbeian.gov.cn,Female,78.208.97.142,true
675,Anitra,Rosentholer,arosentholeriq@weather.com,Female,63.88.20.150,false
676,Merrel,Thibodeaux,mthibodeauxir@themeforest.net,Male,38.46.167.247,false
677,Arvy,Ivimy,aivimyis@wsj.com,Male,224.193.166.171,false
678,Netty,Bumphrey,nbumphreyit@adobe.com,Female,42.36.2.13,false
679,Cody,Bracken,cbrackeniu@com.com,Male,150.29.174.246,true
680,Chrissie,Thorrold,cthorroldiv@nymag.com,Female,102.233.161.254,false
681,Nicol,de Clerq,ndeclerqiw@princeton.edu,Male,20.138.210.183,true
682,Felic,Kilbourn,fkilbournix@printfriendly.com,Male,88.150.197.24,true
683,Aubrey,Chung,achungiy@twitter.com,Male,250.247.140.141,true
684,Miran,Joutapaitis,mjoutapaitisiz@1und1.de,Female,224.158.214.37,false
685,Nertie,Shills,nshillsj0@w3.org,Female,11.236.216.127,true
686,Juliet,Picott,jpicottj1@techcrunch.com,Female,210.29.43.16,false
687,Inger,O'Donnell,iodonnellj2@statcounter.com,Male,150.7.83.173,true
688,Cloris,Lanaway,clanawayj3@posterous.com,Female,210.57.5.62,false
689,Natalina,Guinnane,nguinnanej4@usda.gov,Female,140.108.245.36,true
690,Thor,Guinness,tguinnessj5@imgur.com,Male,9.93.5.218,true
691,Nelson,Woofinden,nwoofindenj6@princeton.edu,Male,33.161.228.49,false
692,Carlin,Brimacombe,cbrimacombej7@auda.org.au,Female,44.12.177.147,true
693,Hakeem,Cattel,hcattelj8@jiathis.com,Male,9.17.62.221,true
694,Mil,Bezarra,mbezarraj9@businessweek.com,Female,87.38.251.38,true
695,Joseito,Sarchwell,jsarchwellja@dmoz.org,Male,98.173.159.243,true
696,Bidget,Cicchillo,bcicchillojb@google.co.uk,Female,167.27.61.123,true
697,Ranice,Fish,rfishjc@cdbaby.com,Female,107.45.4.118,true
698,Matt,Donaway,mdonawayjd@hostgator.com,Male,193.159.50.135,true
699,Briant,Stonehouse,bstonehouseje@blogs.com,Male,129.49.170.208,true
700,Howard,Dalgleish,hdalgleishjf@tumblr.com,Male,214.35.19.190,false
701,Anestassia,Janks,ajanksjg@disqus.com,Female,39.24.129.133,false
702,Britte,Wenzel,bwenzeljh@opera.com,Female,209.132.215.62,true
703,Elena,MacKenny,emackennyji@sourceforge.net,Female,249.98.142.27,false
704,Sherri,Karchowski,skarchowskijj@unicef.org,Female,64.29.40.219,true
705,Emmy,Aubry,eaubryjk@admin.ch,Male,230.95.247.222,true
706,Revkah,Eyam,reyamjl@edublogs.org,Female,195.54.93.74,false
707,Barnie,Jest,bjestjm@boston.com,Male,14.91.14.96,true
708,Don,Fidoe,dfidoejn@histats.com,Male,90.237.182.232,false
709,Arlan,Soulsby,asoulsbyjo@webeden.co.uk,Male,102.189.181.140,true
710,Ibrahim,Kleisle,ikleislejp@tripadvisor.com,Male,232.113.139.171,true
711,Hurlee,Britton,hbrittonjq@utexas.edu,Male,144.214.210.244,true
712,Bronny,Linley,blinleyjr@hibu.com,Male,35.68.83.159,false
713,Blinnie,O' Concannon,boconcannonjs@storify.com,Female,56.218.104.188,false
714,Merlina,Weld,mweldjt@army.mil,Female,42.92.45.246,true
715,Cornelia,Fairpool,cfairpoolju@360.cn,Female,101.109.14.111,true
716,Alonso,Hing,ahingjv@dion.ne.jp,Male,145.82.226.3,true
717,Tricia,Brussels,tbrusselsjw@ft.com,Female,103.221.127.251,true
718,Christian,Lowdham,clowdhamjx@narod.ru,Male,192.20.66.227,true
719,Giles,Featherstone,gfeatherstonejy@stumbleupon.com,Male,119.100.25.38,true
720,Gabriella,Barr,gbarrjz@huffingtonpost.com,Female,102.7.88.208,true
721,Marthena,Lipscombe,mlipscombek0@etsy.com,Female,53.78.206.141,true
722,Ervin,Thames,ethamesk1@ucoz.ru,Male,145.122.110.171,false
723,Raychel,Leech,rleechk2@github.io,Female,91.87.113.48,false
724,Elia,MacAirt,emacairtk3@howstuffworks.com,Male,187.45.224.187,false
725,Andy,Best,abestk4@creativecommons.org,Male,23.171.9.159,false
726,Normie,Timoney,ntimoneyk5@marriott.com,Male,45.212.3.171,true
727,Carina,Larsen,clarsenk6@shutterfly.com,Female,171.248.62.50,false
728,Lidia,Woolaghan,lwoolaghank7@theguardian.com,Female,176.194.38.10,false
729,Jammal,Boxer,jboxerk8@spiegel.de,Male,90.109.25.117,true
730,Hammad,Mincini,hmincinik9@howstuffworks.com,Male,23.186.53.152,false
731,Regan,Robertacci,rrobertaccika@discovery.com,Female,121.130.173.102,true
732,Eugenia,Raise,eraisekb@plala.or.jp,Female,130.21.43.89,true
733,Dana,Luigi,dluigikc@goo.gl,Female,185.92.146.71,false
734,Arden,Ruhben,aruhbenkd@wikispaces.com,Female,171.213.73.144,false
735,Barnie,Antonijevic,bantonijevicke@histats.com,Male,50.113.109.76,false
736,Donna,Borges,dborgeskf@nature.com,Female,40.92.83.62,false
737,Rivalee,Brea,rbreakg@opera.com,Female,111.168.166.78,false
738,Artair,Charon,acharonkh@buzzfeed.com,Male,50.212.179.97,false
739,Isiahi,Sheward,ishewardki@blogger.com,Male,52.81.202.239,true
740,Cthrine,Gidney,cgidneykj@nasa.gov,Female,56.56.213.33,true
741,Kristofor,Rogger,kroggerkk@desdev.cn,Male,80.240.24.232,false
742,Jeane,McRoberts,jmcrobertskl@wikispaces.com,Female,254.81.51.251,true
743,Dale,Flinn,dflinnkm@csmonitor.com,Female,188.33.142.255,true
744,Shandie,Ortas,sortaskn@theguardian.com,Female,186.216.170.12,false
745,Carlin,Lewsam,clewsamko@amazonaws.com,Female,235.166.122.10,false
746,Hermy,Coxwell,hcoxwellkp@scientificamerican.com,Male,92.126.134.196,false
747,Galvin,Burgoyne,gburgoynekq@ca.gov,Male,192.211.23.38,true
748,Kettie,Ricciardo,kricciardokr@google.it,Female,149.221.149.193,false
749,Alvan,Torvey,atorveyks@amazon.com,Male,253.36.193.23,false
750,Gigi,Stoute,gstoutekt@mysql.com,Female,19.112.8.54,false
751,Stesha,Pioli,spioliku@washington.edu,Female,212.80.244.119,true
752,Bordy,Willshee,bwillsheekv@fastcompany.com,Male,42.211.242.172,true
753,Dorri,Pocknell,dpocknellkw@github.io,Female,207.179.108.116,false
754,Traver,Cockerill,tcockerillkx@ning.com,Male,77.243.116.182,true
755,Kalie,Bonefant,kbonefantky@answers.com,Female,70.177.196.142,false
756,Wilhelm,Tuer,wtuerkz@tumblr.com,Male,250.191.249.194,true
757,Mariele,Krzyzowski,mkrzyzowskil0@opensource.org,Female,84.30.177.178,true
758,Efren,Cracker,ecrackerl1@google.co.jp,Male,136.250.40.204,true
759,Bernhard,Donner,bdonnerl2@delicious.com,Male,78.165.110.192,false
760,Ogden,Syddie,osyddiel3@microsoft.com,Male,40.126.172.201,true
761,Whitby,Croci,wcrocil4@webeden.co.uk,Male,74.28.243.168,true
762,Lazaro,Silmon,lsilmonl5@sohu.com,Male,40.226.79.184,false
763,Albie,Gerardi,agerardil6@mediafire.com,Male,243.76.190.63,false
764,Fiona,Attril,fattrill7@loc.gov,Female,141.91.89.196,false
765,Pennie,Moorey,pmooreyl8@latimes.com,Male,115.243.54.16,false
766,Glori,Aysik,gaysikl9@indiatimes.com,Female,31.242.230.76,true
767,Georges,Pawelski,gpawelskila@cnbc.com,Male,223.85.164.134,false
768,Karlik,Ollivier,kollivierlb@jalbum.net,Male,212.253.232.242,true
769,Skelly,Romanelli,sromanellilc@loc.gov,Male,78.163.221.39,false
770,Toby,Bassindale,tbassindaleld@businesswire.com,Male,99.189.87.206,false
771,Kacy,Brettell,kbrettellle@com.com,Female,147.225.228.71,true
772,Mathias,Ruit,mruitlf@mozilla.org,Male,76.160.130.231,false
773,Perla,Taft,ptaftlg@purevolume.com,Female,187.93.242.208,true
774,Thane,Kubin,tkubinlh@reddit.com,Male,104.97.18.194,true
775,Nikolia,Dodd,ndoddli@altervista.org,Female,63.14.70.104,true
776,Sylas,Stewartson,sstewartsonlj@archive.org,Male,22.196.21.235,false
777,Lorilyn,Tonnesen,ltonnesenlk@prweb.com,Female,23.67.61.44,false
778,Kelcy,Lafontaine,klafontainell@joomla.org,Female,48.242.97.144,true
779,Leon,Plumbridge,lplumbridgelm@usatoday.com,Male,192.159.107.100,true
780,Lyndel,Scobbie,lscobbieln@domainmarket.com,Female,7.162.249.150,true
781,Matthias,Featherstonehaugh,mfeatherstonehaughlo@mapy.cz,Male,110.99.61.45,false
782,Alic,Giraudel,agiraudellp@xinhuanet.com,Male,67.29.116.204,true
783,Adda,Plumtree,aplumtreelq@ask.com,Female,70.96.21.159,false
784,Crosby,Ousbie,cousbielr@ycombinator.com,Male,43.117.190.161,false
785,Yolanthe,Mellmer,ymellmerls@google.nl,Female,11.195.198.122,true
786,Duffy,Arbor,darborlt@google.com.br,Male,114.241.35.243,true
787,Urbanus,Daice,udaicelu@nasa.gov,Male,8.232.143.203,true
788,Dukey,Hazlehurst,dhazlehurstlv@t-online.de,Male,242.109.242.39,true
789,Savina,Muckart,smuckartlw@princeton.edu,Female,91.78.104.187,true
790,Riobard,Jessen,rjessenlx@cnet.com,Male,94.243.55.79,false
791,Adrian,Colquyte,acolquytely@shareasale.com,Male,109.69.245.229,true
792,Pia,Shovel,pshovellz@google.com.hk,Female,37.220.253.116,false
793,Elbert,Kivlehan,ekivlehanm0@wisc.edu,Male,0.153.227.140,true
794,Tiffanie,Furphy,tfurphym1@dedecms.com,Female,235.165.90.200,true
795,Minor,Bellino,mbellinom2@tiny.cc,Male,154.127.92.173,false
796,Maddie,Bennis,mbennism3@lulu.com,Female,194.1.253.204,false
797,Cleon,Skippen,cskippenm4@nih.gov,Male,63.50.71.221,false
798,Gannie,Reuben,greubenm5@pinterest.com,Male,204.212.240.255,false
799,Oliy,Iacomini,oiacominim6@icq.com,Female,119.142.62.125,false
800,Zackariah,Beech,zbeechm7@google.fr,Male,65.10.101.90,false
801,Alana,Manwaring,amanwaringm8@ucoz.com,Female,100.139.203.186,false
802,Kerry,Klainman,kklainmanm9@xing.com,Female,79.58.156.221,true
803,Creighton,Margrem,cmargremma@usgs.gov,Male,11.199.133.243,false
804,Tally,Troughton,ttroughtonmb@msu.edu,Male,243.172.93.177,false
805,Benito,Leist,bleistmc@ovh.net,Male,89.43.58.139,true
806,Mart,Zywicki,mzywickimd@fotki.com,Male,111.250.14.142,true
807,Shelli,Klassmann,sklassmannme@state.gov,Female,232.229.162.52,false
808,Penelope,MacAllester,pmacallestermf@redcross.org,Female,181.66.87.42,true
809,Forrester,Lightbourn,flightbournmg@vimeo.com,Male,106.75.213.162,false
810,Tucker,Badsey,tbadseymh@jugem.jp,Male,205.20.156.99,false
811,Dorothy,Ewenson,dewensonmi@ibm.com,Female,130.43.143.157,false
812,Tobey,Vise,tvisemj@yelp.com,Female,71.161.154.239,false
813,April,Godbolt,agodboltmk@elegantthemes.com,Female,33.89.92.120,false
814,Aldric,Gercke,agerckeml@si.edu,Male,134.45.17.208,false
815,Zara,Faull,zfaullmm@globo.com,Female,99.120.214.33,true
816,Sofie,Rawles,srawlesmn@skype.com,Female,191.56.62.232,false
817,Gilberto,Antosch,gantoschmo@netlog.com,Male,69.154.123.71,true
818,Thorpe,Rochell,trochellmp@rakuten.co.jp,Male,23.37.24.60,true
819,Danny,Krolik,dkrolikmq@craigslist.org,Male,46.28.67.158,false
820,Cy,Wanne,cwannemr@berkeley.edu,Male,82.181.16.8,false
821,Manuel,Ferenczi,mferenczims@umich.edu,Male,74.98.74.244,true
822,Bev,Huburn,bhuburnmt@whitehouse.gov,Female,95.12.214.148,true
823,Donn,Burkitt,dburkittmu@wordpress.com,Male,111.251.20.139,true
824,Oran,Glazebrook,oglazebrookmv@businessinsider.com,Male,167.60.172.88,false
825,Adolf,Lammers,alammersmw@addthis.com,Male,14.54.162.224,false
826,Ode,Bedford,obedfordmx@nature.com,Male,250.203.118.215,false
827,Dorothea,Le febre,dlefebremy@biglobe.ne.jp,Female,115.95.17.158,true
828,Robinson,Finnimore,rfinnimoremz@blog.com,Male,54.237.168.11,false
829,Ruggiero,Doey,rdoeyn0@purevolume.com,Male,201.229.170.120,false
830,Ariel,Barron,abarronn1@washington.edu,Male,235.47.216.129,true
831,Britni,Mattevi,bmattevin2@ow.ly,Female,60.216.184.132,true
832,Hesther,McCauley,hmccauleyn3@diigo.com,Female,79.225.25.1,true
833,Orly,Stowers,ostowersn4@google.cn,Female,19.47.74.0,true
834,Enriqueta,Colby,ecolbyn5@biblegateway.com,Female,9.152.134.44,true
835,Jourdan,Gilliland,jgillilandn6@bravesites.com,Female,106.44.119.10,false
836,Cordula,MacGillespie,cmacgillespien7@spotify.com,Female,62.172.223.120,true
837,Federico,Swinburne,fswinburnen8@histats.com,Male,146.238.183.38,false
838,Leighton,Farady,lfaradyn9@phpbb.com,Male,88.188.230.4,false
839,Astrix,Wilflinger,awilflingerna@netscape.com,Female,77.244.223.24,true
840,Shae,Keel,skeelnb@upenn.edu,Female,248.189.77.62,true
841,Alvan,Carlow,acarlownc@columbia.edu,Male,121.192.63.3,true
842,Desirae,Hourigan,dhourigannd@npr.org,Female,169.89.38.51,false
843,Thedric,Jendricke,tjendrickene@mysql.com,Male,147.234.76.121,false
844,Andreana,Ivakhno,aivakhnonf@ftc.gov,Female,151.169.28.231,false
845,Reginald,Sheardown,rsheardownng@auda.org.au,Male,152.28.137.79,false
846,Niles,Richemond,nrichemondnh@tripod.com,Male,77.145.159.40,true
847,Elga,Covil,ecovilni@spiegel.de,Female,49.237.111.120,true
848,Kellina,Cuell,kcuellnj@hc360.com,Female,134.201.59.124,false
849,Quinn,Petworth,qpetworthnk@youtu.be,Male,176.143.15.151,false
850,Agustin,Blacksell,ablacksellnl@mashable.com,Male,119.135.166.49,false
851,Erica,Ownsworth,eownsworthnm@indiegogo.com,Female,14.96.105.151,true
852,Teirtza,Oganian,toganiannn@pen.io,Female,209.37.214.194,false
853,Paulie,Niven,pnivenno@github.io,Female,122.117.95.94,true
854,Bill,Duxbarry,bduxbarrynp@google.ru,Male,80.142.41.38,true
855,Ana,Stiebler,astieblernq@sfgate.com,Female,207.189.211.243,false
856,Cody,Duffit,cduffitnr@yolasite.com,Female,150.71.239.53,false
857,Suki,Spadollini,sspadollinins@tumblr.com,Female,129.183.15.79,true
858,Kellia,Pilcher,kpilchernt@cpanel.net,Female,53.117.193.46,false
859,Hillyer,Zavattero,hzavatteronu@sina.com.cn,Male,113.120.40.232,false
860,Junina,Stillmann,jstillmannnv@tinyurl.com,Female,250.187.111.66,false
861,Lacy,Biggadyke,lbiggadykenw@networkadvertising.org,Female,9.170.242.4,true
862,Rogerio,Mc Meekin,rmcmeekinnx@clickbank.net,Male,194.17.173.168,false
863,Leif,Kynston,lkynstonny@symantec.com,Male,215.33.50.16,false
864,Kora,Blackesland,kblackeslandnz@nymag.com,Female,115.112.185.46,false
865,Rip,Glaysher,rglayshero0@chicagotribune.com,Male,20.42.30.226,false
866,Evangelia,Edgecombe,eedgecombeo1@va.gov,Female,212.27.8.151,false
867,Rich,Gotthard,rgotthardo2@hugedomains.com,Male,236.230.125.118,true
868,Marylee,O'Scanlon,moscanlono3@slate.com,Female,17.62.95.150,false
869,Ludvig,Trippitt,ltrippitto4@hexun.com,Male,165.211.140.211,false
870,Rob,Harnett,rharnetto5@mozilla.com,Male,106.153.70.87,false
871,Randene,Macvain,rmacvaino6@wikispaces.com,Female,45.111.47.98,false
872,Godard,Rotter,grottero7@google.com,Male,234.231.127.76,true
873,Jedd,Eckersall,jeckersallo8@technorati.com,Male,119.8.59.138,false
874,Krystal,Eyres,keyreso9@businessinsider.com,Female,60.192.156.242,false
875,Mick,Axelbee,maxelbeeoa@issuu.com,Male,30.48.40.42,true
876,Kerstin,Spall,kspallob@surveymonkey.com,Female,213.41.232.127,true
877,Madelena,Grzegorzewski,mgrzegorzewskioc@networksolutions.com,Female,3.136.251.42,false
878,Vasilis,Stealey,vstealeyod@sciencedaily.com,Male,29.106.250.146,true
879,Cortney,Pezey,cpezeyoe@com.com,Female,255.156.250.27,true
880,Rhoda,Musico,rmusicoof@purevolume.com,Female,193.52.61.166,true
881,Cristin,Tierny,ctiernyog@exblog.jp,Female,232.56.80.102,true
882,Florette,Kinforth,fkinforthoh@uol.com.br,Female,211.79.231.85,false
883,Darline,Rive,driveoi@tumblr.com,Female,120.64.139.65,true
884,Judas,Breslauer,jbreslaueroj@ucsd.edu,Male,220.98.215.112,true
885,Catha,Wesson,cwessonok@ifeng.com,Female,151.79.225.52,true
886,Leslie,Rowesby,lrowesbyol@yale.edu,Male,119.105.194.187,false
887,Iggy,Tasseler,itasselerom@ask.com,Male,54.33.230.40,false
888,Noell,Bent,nbenton@reuters.com,Female,22.114.1.115,false
889,Vasili,Danson,vdansonoo@webeden.co.uk,Male,32.197.165.48,true
890,Jody,O'Hegertie,johegertieop@hubpages.com,Female,232.16.202.197,false
891,Jed,Tipper,jtipperoq@privacy.gov.au,Male,147.169.172.241,false
892,Kristy,Rubie,krubieor@slideshare.net,Female,120.195.205.111,true
893,Helen-elizabeth,Toyer,htoyeros@alibaba.com,Female,105.131.60.218,false
894,Tobi,Rennick,trennickot@sohu.com,Female,194.103.188.152,false
895,Felisha,Bernholt,fbernholtou@cyberchimps.com,Female,89.87.155.224,false
896,Bronnie,Mildenhall,bmildenhallov@theatlantic.com,Male,208.232.231.114,true
897,Casie,Tice,cticeow@imdb.com,Female,19.195.2.255,true
898,Aloin,Abrahamoff,aabrahamoffox@macromedia.com,Male,24.149.225.138,true
899,Carroll,Silcock,csilcockoy@oaic.gov.au,Female,79.100.80.224,false
900,Anabella,Malia,amaliaoz@nydailynews.com,Female,255.132.100.147,true
901,Marrissa,Marty,mmartyp0@theatlantic.com,Female,193.92.128.43,false
902,Leo,Thatcher,lthatcherp1@bigcartel.com,Male,71.101.115.241,false
903,William,MacColgan,wmaccolganp2@engadget.com,Male,46.120.38.182,false
904,Hilliard,Robinette,hrobinettep3@cnn.com,Male,147.101.120.145,false
905,Vida,Houselee,vhouseleep4@ovh.net,Female,216.64.89.121,true
906,Dick,Dunham,ddunhamp5@edublogs.org,Male,185.207.139.79,false
907,Ryann,Dukes,rdukesp6@nih.gov,Female,53.65.154.118,true
908,Herbie,Fewtrell,hfewtrellp7@shutterfly.com,Male,24.86.59.72,true
909,Essie,Baden,ebadenp8@yellowbook.com,Female,76.199.36.127,false
910,Cortney,Learmonth,clearmonthp9@altervista.org,Female,243.52.89.219,false
911,Nonah,Boater,nboaterpa@army.mil,Female,180.191.84.141,true
912,Gratia,Brock,gbrockpb@google.co.uk,Female,209.243.87.125,false
913,Shaine,Malster,smalsterpc@prlog.org,Male,33.94.145.175,false
914,Harriott,Heppenspall,hheppenspallpd@army.mil,Female,192.28.34.61,false
915,Alleyn,Bruhnke,abruhnkepe@sina.com.cn,Male,171.240.228.110,true
916,Raychel,Briddock,rbriddockpf@sourceforge.net,Female,250.2.11.213,true
917,Vi,Weafer,vweaferpg@hexun.com,Female,247.240.54.51,true
918,Charmian,Talton,ctaltonph@nasa.gov,Female,185.113.55.64,false
919,Cassie,Dechelette,cdechelettepi@booking.com,Male,77.18.225.230,true
920,Baily,Copper,bcopperpj@i2i.jp,Male,202.223.172.102,true
921,Sebastiano,Janowicz,sjanowiczpk@who.int,Male,90.41.162.62,false
922,Maurise,Parkman,mparkmanpl@amazon.com,Male,38.213.99.242,false
923,Karie,Manville,kmanvillepm@bloomberg.com,Female,8.203.33.195,false
924,Lev,McMenamy,lmcmenamypn@discuz.net,Male,180.152.200.86,false
925,Guilbert,Josefs,gjosefspo@java.com,Male,17.209.148.166,true
926,Cly,Molyneux,cmolyneuxpp@gmpg.org,Male,71.183.177.201,true
927,Corly,Phinnis,cphinnispq@freewebs.com,Female,25.202.11.36,false
928,Kent,Coggins,kcogginspr@prlog.org,Male,236.4.116.9,false
929,Kelcie,Petras,kpetrasps@wikimedia.org,Female,205.89.114.201,true
930,Van,Ashbey,vashbeypt@last.fm,Male,242.86.19.57,true
931,Jeff,Lawerence,jlawerencepu@goo.ne.jp,Male,120.186.28.44,false
932,Jacinta,Moubray,jmoubraypv@smh.com.au,Female,246.189.113.35,true
933,Marcel,Burtonshaw,mburtonshawpw@w3.org,Male,101.41.139.23,false
934,Jermaine,Bennis,jbennispx@yelp.com,Female,243.59.104.76,true
935,Clerkclaude,Measures,cmeasurespy@statcounter.com,Male,66.236.210.144,false
936,Kalle,Hilley,khilleypz@oakley.com,Male,40.180.95.131,false
937,Yulma,McCarver,ymccarverq0@si.edu,Male,80.80.46.255,false
938,Nessie,Penwright,npenwrightq1@comsenz.com,Female,45.47.114.191,true
939,Maxy,Betterton,mbettertonq2@fc2.com,Male,76.111.232.139,true
940,Kort,Tregiddo,ktregiddoq3@yellowbook.com,Male,91.127.206.212,false
941,Den,Cobelli,dcobelliq4@bizjournals.com,Male,245.238.243.52,false
942,Riobard,Wasiel,rwasielq5@washington.edu,Male,157.72.219.133,true
943,Kyle,Figura,kfiguraq6@desdev.cn,Male,168.160.253.166,false
944,Wes,Robillart,wrobillartq7@ihg.com,Male,215.134.55.70,true
945,Ira,Yurov,iyurovq8@craigslist.org,Male,74.103.93.220,false
946,Zilvia,Debrick,zdebrickq9@w3.org,Female,124.199.179.17,true
947,Ario,Beake,abeakeqa@springer.com,Male,165.160.188.108,true
948,Alvis,Titford,atitfordqb@sun.com,Male,121.9.71.67,true
949,Freddie,Blodg,fblodgqc@webs.com,Female,55.44.196.180,true
950,Melisenda,Overel,moverelqd@networksolutions.com,Female,133.255.0.65,false
951,Barbara,Woodsford,bwoodsfordqe@blogtalkradio.com,Female,104.56.130.255,true
952,Giulia,Janaway,gjanawayqf@opera.com,Female,195.19.241.216,true
953,Natalya,Moralee,nmoraleeqg@flavors.me,Female,84.107.117.234,false
954,Maurie,Pinnell,mpinnellqh@posterous.com,Male,157.151.224.107,true
955,Hiram,MacAne,hmacaneqi@amazonaws.com,Male,3.222.240.22,false
956,Ranique,Syversen,rsyversenqj@mozilla.com,Female,20.101.1.208,true
957,Burch,Jonk,bjonkqk@fastcompany.com,Male,58.20.22.16,false
958,Anneliese,Bryenton,abryentonql@plala.or.jp,Female,149.186.15.78,true
959,Vito,Becerro,vbecerroqm@typepad.com,Male,186.237.177.168,false
960,Vanya,Sissons,vsissonsqn@themeforest.net,Male,249.5.140.130,false
961,Alphonso,Domenichelli,adomenichelliqo@friendfeed.com,Male,122.106.157.183,false
962,Rosmunda,Fragino,rfraginoqp@nps.gov,Female,51.191.195.69,false
963,Jayme,Breckwell,jbreckwellqq@w3.org,Male,179.187.101.246,true
964,Eveline,McCrow,emccrowqr@earthlink.net,Female,165.180.101.20,false
965,Carree,Greydon,cgreydonqs@taobao.com,Female,135.91.152.199,true
966,Ulrikaumeko,Gateshill,ugateshillqt@toplist.cz,Female,80.90.64.98,false
967,Sibilla,Benditt,sbendittqu@tmall.com,Female,182.38.241.240,false
968,Adolf,Brydone,abrydoneqv@marriott.com,Male,239.9.55.39,true
969,Ertha,Husset,ehussetqw@studiopress.com,Female,1.114.37.248,false
970,Findlay,Cooper,fcooperqx@free.fr,Male,47.132.41.42,true
971,Adrian,Aistrop,aaistropqy@amazon.de,Female,150.229.24.40,true
972,Nolie,Munkley,nmunkleyqz@indiatimes.com,Female,182.213.217.169,true
973,Emile,Golby,egolbyr0@cbsnews.com,Male,119.243.95.66,true
974,Isabeau,Persitt,ipersittr1@technorati.com,Female,23.243.91.96,true
975,Tad,Cockarill,tcockarillr2@hubpages.com,Male,186.190.245.32,true
976,Bernarr,Chedgey,bchedgeyr3@squarespace.com,Male,3.51.11.42,false
977,Joletta,Leeburne,jleeburner4@techcrunch.com,Female,36.99.207.182,false
978,Kim,Mangenot,kmangenotr5@epa.gov,Male,212.113.113.81,true
979,Garey,McCormick,gmccormickr6@so-net.ne.jp,Male,17.191.189.119,false
980,Elise,Limprecht,elimprechtr7@stumbleupon.com,Female,162.147.124.247,false
981,Roseann,MacAnulty,rmacanultyr8@nydailynews.com,Female,206.159.198.73,true
982,Marleen,Biddle,mbiddler9@ibm.com,Female,52.34.183.32,true
983,Ulrike,Burnes,uburnesra@sina.com.cn,Female,177.196.20.58,true
984,Wat,Maharg,wmahargrb@nih.gov,Male,93.6.32.91,false
985,Isabel,Hoppner,ihoppnerrc@qq.com,Female,248.50.79.216,true
986,Antin,Dennistoun,adennistounrd@sogou.com,Male,148.155.201.67,false
987,Hilliard,Richard,hrichardre@paginegialle.it,Male,116.156.207.63,false
988,Tish,Lidgertwood,tlidgertwoodrf@go.com,Female,169.172.128.215,false
989,Xavier,McIllrick,xmcillrickrg@ucoz.com,Male,204.5.58.195,true
990,Papageno,Mattiello,pmattiellorh@japanpost.jp,Male,95.239.254.137,true
991,Cody,Tomicki,ctomickiri@netvibes.com,Female,90.61.220.40,true
992,Shea,Shier,sshierrj@4shared.com,Female,21.138.223.208,false
993,Susi,Eccleshall,seccleshallrk@mlb.com,Female,237.140.5.238,false
994,Vito,Ingre,vingrerl@java.com,Male,149.79.144.85,true
995,Sigrid,Duigenan,sduigenanrm@chron.com,Female,65.245.173.227,false
996,Niel,Thorogood,nthorogoodrn@theglobeandmail.com,Male,225.177.105.65,false
997,Doris,Leete,dleetero@epa.gov,Female,230.42.75.131,false
998,Cornell,Elwill,celwillrp@cpanel.net,Male,241.61.140.57,false
999,Jeremiah,Sargerson,jsargersonrq@spotify.com,Male,91.190.143.116,false
1000,Marleen,Grinyer,mgrinyerrr@xrea.com,Female,9.186.172.89,false
